"Episode","Step","Total Reward","Number of Episodes Solved"
0,999,-35.86490697447202,0
1,999,-58.80003505831836,0
2,999,-66.25283759906074,0
3,999,-67.74383702727887,0
4,999,-68.55155883818246,0
5,999,-67.68534792189698,0
6,999,-72.3718842998014,0
7,999,-69.90917659823943,0
8,999,-72.77034037421241,0
9,999,-72.44570195532886,0
10,999,-71.0824878124138,0
11,999,-74.98093174603584,0
12,999,-72.1707998644974,0
13,999,-77.22973211791519,0
14,999,-75.79108808782013,0
15,999,-79.28110319477165,0
16,999,-77.361475838587,0
17,999,-81.84999068215078,0
18,999,-82.11768742728353,0
19,999,-82.95423382115054,0
20,999,-82.47954839621283,0
21,999,-83.845216211688,0
22,999,-81.83855307944066,0
23,999,-82.93531285451499,0
24,999,-84.12612137720082,0
25,999,-85.56485262712384,0
26,999,-84.69471075293897,0
27,999,-85.53009986100994,0
28,999,-87.20124789399638,0
29,999,-86.61950348242158,0
30,999,-87.14171806605125,0
31,999,-86.5719739845287,0
32,999,-88.39787858071064,0
33,999,-88.93427115146206,0
34,999,-88.8120415281936,0
35,999,-88.82169538403181,0
36,999,-90.20999072396035,0
37,905,20.789297281528633,1
38,999,-91.97661965817815,1
39,999,-93.70652568792028,1
40,999,-95.68403124910228,1
41,999,-95.09965119002065,1
42,999,-95.43872207818218,1
43,999,-96.66609544431793,1
44,999,-96.56272025190827,1
45,999,-97.02575288432894,1
46,999,-96.08099502876209,1
47,999,-96.85509772979822,1
48,999,-96.3326103036545,1
49,999,-96.93414931087284,1
50,999,-96.05281425107268,1
51,999,-97.22776575424648,1
52,999,-97.05416088634595,1
53,999,-96.6945610318276,1
54,999,-97.23630013362762,1
55,999,-97.95750912484816,1
56,999,-97.65133002187211,1
57,999,-97.36308522335426,1
58,999,-97.79451628374221,1
59,999,-98.35640275961224,1
60,999,-97.38963529081589,1
61,999,-97.59070428809417,1
62,999,-97.86294289086682,1
63,999,-97.50524127596411,1
64,999,-98.034556751725,1
65,999,-97.43263529922436,1
66,999,-96.94963027897079,1
67,999,-97.93681448146747,1
68,999,-98.0050982521597,1
69,999,-98.26684775740307,1
70,999,-96.79861543454678,1
71,999,-97.66186681404082,1
72,999,-98.05960629181041,1
73,999,-98.44347976377308,1
74,999,-98.640465338422,1
75,999,-98.95341624219594,1
76,999,-97.82671542538706,1
77,999,-98.75404021517511,1
78,999,-97.82837994991536,1
79,999,-97.75697511095403,1
80,999,-97.71459599542241,1
81,999,-98.71417901719157,1
82,999,-98.27675289949175,1
83,999,-98.70580784466861,1
84,999,-98.1248005323575,1
85,999,-98.86642424781687,1
86,999,-98.43158816334031,1
87,999,-98.53011308150302,1
88,999,-98.3023005894255,1
89,999,-98.19973476916773,1
90,999,-98.58222698248426,1
91,999,-98.74431084303372,1
92,999,-98.15860966862775,1
93,999,-98.4590702546198,1
94,999,-98.58444175381415,1
95,999,-98.74002136912172,1
96,999,-98.28284819054349,1
97,999,-98.77063352977115,1
98,999,-98.78767096454953,1
99,999,-98.53653292787372,1
100,999,-98.82378625673987,1
101,999,-98.82677510105945,1
102,999,-98.65606977262946,1
103,999,-99.15056283005406,1
104,999,-98.65452521341045,1
105,999,-98.98822664007368,1
106,999,-98.29614575200937,1
107,999,-98.30052021744837,1
108,999,-98.71801050385088,1
109,999,-98.26222964890601,1
110,999,-99.08131410360885,1
111,999,-99.19579412602017,1
112,999,-98.89073649560899,1
113,999,-98.48706963556414,1
114,999,-98.99931724489845,1
115,999,-99.33107682550843,1
116,999,-98.37450035573143,1
117,999,-98.43450338837663,1
118,999,-99.11574243311097,1
119,999,-99.10471299785432,1
120,999,-99.06917415617583,1
121,999,-99.08361906397998,1
122,999,-99.01163127415032,1
123,999,-99.27286811502609,1
124,999,-98.90182056348662,1
125,999,-99.13545516778632,1
126,999,-98.38974740462413,1
127,999,-99.23529544084967,1
128,999,-99.21118093503587,1
129,999,-99.3212355680711,1
130,999,-98.76064643007251,1
131,999,-99.4029736932044,1
132,999,-98.5231644346082,1
133,999,-98.85234591684406,1
134,999,-99.2045320370552,1
135,999,-98.98190140447453,1
136,999,-99.054348294922,1
137,999,-99.05719281089597,1
138,999,-98.4051223702381,1
139,999,-99.50686018554016,1
140,999,-99.1163849086982,1
141,999,-99.21120224185988,1
142,999,-99.08334053757618,1
143,999,-98.68914524526312,1
144,999,-99.12705127688906,1
145,999,-98.42259388037215,1
146,999,-98.90057053931281,1
147,999,-99.25453367799246,1
148,999,-98.88946566071985,1
149,999,-99.0676170428099,1
150,999,-99.46357217028715,1
151,999,-99.47998457296352,1
152,999,-98.92735324113214,1
153,999,-99.24651679003847,1
154,999,-98.34312505288013,1
155,999,-99.41238530342025,1
156,999,-99.53581817037384,1
157,999,-98.9290121623891,1
158,999,-98.94966947694459,1
159,999,-99.43746226884404,1
160,999,-98.97477238689147,1
161,999,-99.17126183558803,1
162,999,-99.44866896216308,1
163,999,-99.22521432146104,1
164,999,-98.69605432842886,1
165,999,-99.46128079644448,1
166,999,-99.53764616801352,1
167,999,-99.00807719163504,1
168,999,-99.02146878812246,1
169,999,-98.94147991892034,1
170,999,-99.04015925036668,1
171,999,-99.18862606816846,1
172,999,-99.34259445500693,1
173,999,-99.2141563810821,1
174,999,-99.16126368819832,1
175,999,-99.63214502856434,1
176,999,-99.44184094532001,1
177,999,-99.10487817568037,1
178,999,-99.11761708041244,1
179,999,-98.94310002029245,1
180,999,-98.95300534780301,1
181,999,-99.11312279986205,1
182,999,-98.7558181022677,1
183,999,-99.37973667269044,1
184,999,-98.88719384704027,1
185,999,-98.99342812189909,1
186,999,-99.21450161911936,1
187,999,-99.1132707930193,1
188,999,-99.34016560343596,1
189,999,-98.72556912694175,1
190,999,-99.0320135744166,1
191,999,-99.58536553638447,1
192,999,-99.30574308190126,1
193,999,-99.33736726672113,1
194,999,-99.12265383616224,1
195,999,-99.40675116619688,1
196,999,-99.47279149674439,1
197,999,-99.29942939596813,1
198,999,-99.56977066819026,1
199,999,-99.24571915842836,1
200,999,-99.4186188279521,1
201,999,-99.00142312007857,1
202,999,-99.1258236069499,1
203,999,-99.37021220315556,1
204,999,-99.47336406279508,1
205,999,-99.32731340564796,1
206,999,-98.87649842792935,1
207,999,-99.69662632514708,1
208,999,-99.46642902704414,1
209,999,-99.2176860485285,1
210,999,-99.29185878491634,1
211,999,-99.2564254535334,1
212,999,-99.22902413067249,1
213,999,-99.22850554298978,1
214,999,-99.14864850050664,1
215,999,-99.36803343382572,1
216,999,-99.41513830482297,1
217,999,-99.04153678425801,1
218,999,-99.55313274037808,1
219,999,-98.79426654353496,1
220,999,-99.28850556799996,1
221,999,-99.16241695362996,1
222,999,-99.29202351897774,1
223,999,-99.07917297593677,1
224,999,-99.13561967668403,1
225,999,-98.96211086361305,1
226,999,-99.40898598280772,1
227,999,-99.53844388619916,1
228,999,-99.67059419470213,1
229,999,-99.34130653303085,1
230,999,-99.49753292649265,1
231,999,-99.08398344379975,1
232,999,-99.41900190084132,1
233,999,-99.35487080515895,1
234,999,-99.43624518356674,1
235,999,-99.55257403752337,1
236,999,-99.61688318355743,1
237,999,-99.0820511009691,1
238,999,-99.19690901903971,1
239,999,-98.68196228635655,1
240,999,-99.46348907833607,1
241,999,-99.12664741739329,1
242,999,-99.80533468156361,1
243,999,-99.33845363825833,1
244,999,-99.37646816114582,1
245,999,-99.42399024809428,1
246,999,-99.30581108323393,1
247,999,-99.35577816019949,1
248,999,-99.4190359288711,1
249,999,-99.23946755494411,1
250,999,-98.8377729982852,1
251,999,-99.33209015049114,1
252,999,-99.20970457150698,1
253,999,-99.52820495494096,1
254,999,-99.54928031165919,1
255,999,-99.13732944958366,1
256,999,-99.63594199094811,1
257,999,-99.56281670264332,1
258,999,-99.41825128894715,1
259,999,-99.39649710781676,1
260,999,-98.97250909913578,1
261,999,-99.41141889332258,1
262,999,-99.30920083671526,1
263,999,-99.15988010734335,1
264,999,-99.61250146182002,1
265,999,-99.11692399461616,1
266,999,-99.09110355872991,1
267,999,-99.25094108346974,1
268,999,-99.1805140304555,1
269,999,-99.23091489392256,1
270,999,-99.11596359954319,1
271,999,-99.27641505314395,1
272,999,-99.58494710890672,1
273,999,-99.15015019579306,1
274,999,-99.41058694736576,1
275,999,-99.01442452339263,1
276,999,-99.70163056476893,1
277,999,-99.36814045473592,1
278,999,-99.62696346780291,1
279,999,-99.00267005603537,1
280,999,-99.73684374506416,1
281,999,-99.47393690789475,1
282,999,-99.52874310323539,1
283,999,-99.41982669716825,1
284,999,-99.44835815147678,1
285,999,-99.17148936064488,1
286,999,-99.32848054208888,1
287,999,-99.55889921166971,1
288,999,-99.35266158982277,1
289,999,-99.00584517659746,1
290,999,-99.05858002317846,1
291,999,-99.03806520697555,1
292,999,-99.30324518294519,1
293,999,-99.65961466031592,1
294,999,-99.49370146319569,1
295,999,-98.88684524655157,1
296,999,-99.51255159164437,1
297,999,-99.50073928679059,1
298,999,-99.34107642094614,1
299,999,-99.35396453570436,1
300,999,-99.34588376974726,1
301,999,-99.71307344866808,1
302,999,-99.42124477044716,1
303,999,-99.66374367908728,1
304,999,-99.6467984900825,1
305,999,-99.71228056677506,1
306,999,-99.28434887828342,1
307,999,-99.59100251054632,1
308,999,-99.57481862008581,1
309,999,-99.35851837379312,1
310,999,-99.61215806367116,1
311,999,-99.7965017405121,1
312,999,-99.36564470747699,1
313,999,-99.19598018363767,1
314,999,-99.46636520512847,1
315,999,-99.51774869969239,1
316,999,-99.42310866409431,1
317,999,-99.55824760800904,1
318,999,-99.42991209439215,1
319,999,-99.17344661647232,1
320,999,-99.07268370278337,1
321,999,-99.36340620332929,1
322,999,-99.26242247986711,1
323,999,-99.18354120097656,1
324,999,-99.75254031361553,1
325,999,-99.36270999545532,1
326,999,-99.34532000168846,1
327,999,-99.47458255538812,1
328,999,-99.51874321613731,1
329,999,-99.41959523901615,1
330,999,-99.43545870311945,1
331,999,-99.35700265823989,1
332,999,-99.23797412928114,1
333,999,-99.45920754796543,1
334,999,-99.4682097468584,1
335,999,-99.70739983387618,1
336,999,-99.5008525760365,1
337,999,-99.34307244792151,1
338,999,-99.43137234301402,1
339,999,-99.41312868526737,1
340,999,-99.828181480954,1
341,999,-99.18351692450972,1
342,999,-99.25725235896108,1
343,999,-99.51303601791741,1
344,999,-99.33599321164812,1
345,999,-99.54155206453295,1
346,999,-99.17718660117396,1
347,999,-99.33165537964678,1
348,999,-99.45186253069559,1
349,999,-99.4794594934633,1
350,999,-99.32954832361294,1
351,999,-99.28635459869992,1
352,999,-99.58715894941713,1
353,999,-99.22247959834358,1
354,999,-99.01664543288216,1
355,999,-99.69019841244888,1
356,999,-99.26795465602927,1
357,999,-98.96509973097139,1
358,999,-99.70386057990696,1
359,999,-99.4926817723536,1
360,999,-99.06593032372778,1
361,999,-99.47816617475625,1
362,999,-99.39352062048427,1
363,999,-99.11492741274425,1
364,999,-99.25013162795231,1
365,999,-99.26761591948461,1
366,999,-99.5268910980624,1
367,999,-99.03845122674403,1
368,999,-99.37283479276384,1
369,999,-99.48694658700121,1
370,999,-99.51127159115866,1
371,999,-99.40317587794279,1
372,999,-99.35834855423752,1
373,999,-99.11150920703085,1
374,999,-99.56988357985982,1
375,999,-99.63869557131555,1
376,999,-99.7103266306091,1
377,999,-98.96466378459456,1
378,999,-99.4861268890746,1
379,999,-99.61478876349143,1
380,999,-99.73305077095146,1
381,999,-99.66306745667396,1
382,999,-99.47921399258345,1
383,999,-99.46710061511266,1
384,999,-99.71959234525136,1
385,999,-99.16853863217847,1
386,999,-99.26697076098071,1
387,999,-99.59488124010831,1
388,999,-99.26635224331267,1
389,999,-98.98457256837003,1
390,999,-99.53158039971464,1
391,999,-99.44809962657754,1
392,999,-99.38726602855031,1
393,999,-99.21681947555636,1
394,999,-99.61169347207623,1
395,999,-99.79819982318303,1
396,999,-99.82820247322094,1
397,999,-99.40973532244398,1
398,999,-99.65910248682928,1
399,999,-99.39237939044405,1
400,999,-99.08298053313497,1
401,999,-99.46391762723077,1
402,999,-99.66514311593936,1
403,999,-99.6373960491678,1
404,999,-99.55589379968158,1
405,999,-99.8889401587891,1
406,999,-99.66921606756375,1
407,999,-99.35576533736464,1
408,999,-99.65369837445185,1
409,999,-99.4313251743254,1
410,999,-99.6820878422456,1
411,999,-99.31644060497356,1
412,999,-99.59668664786011,1
413,999,-99.4933926010811,1
414,999,-99.46646723658786,1
415,999,-99.56578846185447,1
416,999,-99.31756437681335,1
417,999,-99.55550743965875,1
418,999,-99.4676401041551,1
419,999,-99.52607591561834,1
420,999,-99.28557629314028,1
421,999,-99.5792290993836,1
422,999,-99.77257376490604,1
423,999,-99.61821368554527,1
424,999,-99.47670550534832,1
425,999,-99.64409497515742,1
426,999,-99.36155479456075,1
427,999,-99.596325610891,1
428,999,-99.61476031490609,1
429,999,-99.48192823805591,1
430,999,-99.68179707002135,1
431,999,-99.3327805889946,1
432,999,-99.49690127442017,1
433,999,-99.34497209527625,1
434,999,-98.8892590615041,1
435,999,-99.33653880321808,1
436,999,-99.61048595665787,1
437,999,-99.66702171389487,1
438,999,-99.6597494611561,1
439,999,-99.4971369616397,1
440,999,-99.71240907063337,1
441,999,-99.52437329798713,1
442,999,-99.61853526198982,1
443,999,-99.74130321805721,1
444,999,-99.23793147413099,1
445,999,-99.660253037086,1
446,999,-99.42987227751738,1
447,999,-99.53971778360874,1
448,999,-99.48307034683974,1
449,999,-99.42686132199168,1
450,999,-99.10345068945327,1
451,999,-99.45859381913189,1
452,999,-99.39696960666924,1
453,999,-99.36103065748475,1
454,999,-99.60128138712469,1
455,999,-99.58536228413001,1
456,999,-99.34875917076725,1
457,999,-99.67441142151809,1
458,999,-99.66270887201397,1
459,999,-99.40280404825326,1
460,999,-99.54161255265943,1
461,999,-99.52108679593519,1
462,999,-99.53445518890375,1
463,999,-99.4530080434285,1
464,999,-99.4910243389183,1
465,999,-99.82816270200861,1
466,999,-99.58824252021739,1
467,999,-99.54906606457524,1
468,999,-99.84121324178274,1
469,999,-99.70029251594539,1
470,999,-99.56057323440916,1
471,999,-99.37191592634198,1
472,999,-99.54619628142542,1
473,999,-99.82189392224397,1
474,999,-99.58956216373488,1
475,999,-99.70914385510848,1
476,999,-99.50710611595576,1
477,999,-99.20823275500888,1
478,999,-99.1312770747537,1
479,999,-99.73600739555411,1
480,999,-99.65057504943258,1
481,999,-99.68983900277388,1
482,999,-99.3644246202196,1
483,999,-99.30936284092178,1
484,999,-99.64667036885373,1
485,999,-99.61864580176052,1
486,999,-99.59009799474013,1
487,999,-99.53925279282711,1
488,999,-99.54305326425829,1
489,999,-99.5775365518858,1
490,999,-99.6873507623605,1
491,999,-99.71520413617696,1
492,999,-99.68075509787313,1
493,999,-99.46497277064344,1
494,999,-99.81828669643043,1
495,999,-99.39664972578039,1
496,999,-99.65013654390793,1
497,999,-99.60440110075149,1
498,999,-99.5836667865399,1
499,999,-99.26644603499308,1
500,999,-99.61824235492975,1
501,999,-99.53467971921644,1
502,999,-99.61212976364631,1
503,999,-99.66172148113118,1
504,999,-99.6038995132826,1
505,999,-99.5086431803881,1
506,999,-99.60804693886173,1
507,999,-99.47610827020115,1
508,999,-99.70608986335435,1
509,999,-99.52320060087811,1
510,999,-99.57597783816027,1
511,999,-99.85414378198189,1
512,999,-99.73239931842407,1
513,999,-99.76070207555756,1
514,999,-99.73327537159062,1
515,999,-99.56089829557904,1
516,999,-99.81781092231837,1
517,999,-99.68767541742861,1
518,999,-99.3146623849404,1
519,999,-99.42867304798428,1
520,999,-99.74437212327473,1
521,999,-99.59900965558343,1
522,999,-99.5265901760781,1
523,999,-99.74337589156792,1
524,999,-99.57075624881553,1
525,999,-99.41807313954789,1
526,999,-99.5360725528896,1
527,999,-99.78109268501727,1
528,999,-99.53506607190945,1
529,999,-99.64702742245724,1
530,999,-99.34557591687634,1
531,999,-99.5595366475275,1
532,999,-99.58161010905613,1
533,999,-99.68996157004008,1
534,999,-99.66245520919772,1
535,999,-99.78779294263664,1
536,999,-99.57826343921924,1
537,999,-99.40822897664047,1
538,999,-99.61248713991816,1
539,999,-99.46191340443919,1
540,999,-99.27273957660518,1
541,999,-99.65031568432322,1
542,999,-99.71008526817903,1
543,999,-99.17333358241896,1
544,999,-99.41301497369575,1
545,999,-99.56324405405476,1
546,999,-99.63209235775146,1
547,999,-99.6359637522998,1
548,999,-99.42961433097234,1
549,999,-99.61008722984559,1
550,999,-99.85962127382378,1
551,999,-99.61217554351175,1
552,999,-99.57801900707864,1
553,999,-99.09769636347782,1
554,999,-99.39659033067737,1
555,999,-99.8999999999986,1
556,999,-99.49972445046886,1
557,999,-99.59156647024219,1
558,999,-99.8000751231332,1
559,999,-99.78804823877151,1
560,999,-99.25689663526,1
561,999,-99.45941671416087,1
562,999,-99.53846445371607,1
563,999,-99.4946932735548,1
564,999,-99.5552450124277,1
565,999,-99.40278569337542,1
566,999,-99.73522970872445,1
567,999,-99.5781929278616,1
568,999,-99.60967045159056,1
569,999,-99.23319501596715,1
570,999,-99.5663679810751,1
571,999,-99.45847650138172,1
572,999,-99.66627206005366,1
573,999,-99.70097066206515,1
574,999,-99.81919951797323,1
575,999,-99.58004046299475,1
576,999,-99.80205923817563,1
577,999,-99.82478683329978,1
578,999,-99.44755203839021,1
579,999,-99.70305469737366,1
580,999,-99.79768212439818,1
581,999,-99.46053475069209,1
582,999,-99.67971055640817,1
583,999,-99.73707254925836,1
584,999,-99.40823483091528,1
585,999,-99.80320082542463,1
586,999,-99.61028854782933,1
587,999,-99.58071718818837,1
588,999,-99.70143134977994,1
589,999,-99.28686456185979,1
590,999,-99.87616780735412,1
591,999,-99.62770830545205,1
592,999,-99.4486982397023,1
593,999,-99.80067078639264,1
594,999,-99.55107962570627,1
595,999,-99.62501822354832,1
596,999,-99.72489875473408,1
597,999,-99.58092922943041,1
598,999,-99.68753413052043,1
599,999,-99.34736543994958,1
600,999,-99.43926006228293,1
601,999,-99.45004875325111,1
602,999,-99.60012821611024,1
603,999,-99.77886063976773,1
604,999,-99.21901027865106,1
605,999,-99.58508686699068,1
606,999,-99.52791317043018,1
607,999,-99.310788294334,1
608,999,-99.55404408381298,1
609,999,-99.58905085000889,1
610,999,-99.65326376096206,1
611,999,-99.52289420122841,1
612,999,-99.65519338122546,1
613,999,-99.42120488381923,1
614,999,-99.75349719460218,1
615,999,-99.52600640848404,1
616,999,-99.56396845838616,1
617,999,-99.64320480561445,1
618,999,-99.81578966316161,1
619,999,-99.71190750017855,1
620,999,-99.67644966086816,1
621,999,-99.41518215195839,1
622,999,-99.4667532288281,1
623,999,-99.79230069765914,1
624,999,-99.63998160476193,1
625,999,-99.4951555884735,1
626,999,-99.86905631302366,1
627,999,-99.43546076300998,1
628,999,-99.73238750237367,1
629,999,-99.38102748980026,1
630,999,-99.70695414273511,1
631,999,-99.61679895031128,1
632,999,-99.53221009587149,1
633,999,-99.5321874946342,1
634,999,-99.58684904764385,1
635,999,-99.67792755111448,1
636,999,-99.65866193981935,1
637,999,-99.55230684740098,1
638,999,-99.80143951664073,1
639,999,-99.5837122143989,1
640,999,-99.73211156972691,1
641,999,-99.726676869164,1
642,999,-99.80081867171545,1
643,999,-99.68197283425697,1
644,999,-99.7906772412404,1
645,999,-99.4742865842695,1
646,999,-99.70378741848843,1
647,999,-99.53143228877897,1
648,999,-99.6036497999551,1
649,999,-99.633128414616,1
650,999,-99.68463604755678,1
651,999,-99.8999999999986,1
652,999,-99.57876343635006,1
653,999,-99.75766766462918,1
654,999,-99.70647716040119,1
655,999,-99.46012374191058,1
656,999,-99.31443681605025,1
657,999,-99.57992590968361,1
658,999,-99.60672939380609,1
659,999,-99.801118489563,1
660,999,-99.67743551494648,1
661,999,-99.76754837888735,1
662,999,-99.7688859937582,1
663,999,-99.69665683708597,1
664,999,-99.75026031030436,1
665,999,-99.55601988307761,1
666,999,-99.61063033769467,1
667,999,-99.74835353442329,1
668,999,-99.63727014568148,1
669,999,-99.84558248357358,1
670,999,-99.2714273348146,1
671,999,-99.49885023530086,1
672,999,-99.58500997787786,1
673,999,-99.65098791342322,1
674,999,-99.57046711665906,1
675,999,-99.72139236538065,1
676,999,-99.88783341385285,1
677,999,-99.60163100001381,1
678,999,-99.56021902217041,1
679,999,-99.46252331690494,1
680,999,-99.6484530193019,1
681,999,-99.80103195910785,1
682,999,-99.6885777596487,1
683,999,-99.5130645575803,1
684,999,-99.50621735263131,1
685,999,-99.80426915197027,1
686,999,-99.67957194510825,1
687,999,-99.87246650105668,1
688,999,-99.89160110382805,1
689,999,-99.28290641111535,1
690,999,-99.47599312801474,1
691,999,-99.69691867132649,1
692,999,-99.70739434903233,1
693,999,-99.46124555914292,1
694,999,-99.61419289598568,1
695,999,-99.75962810849167,1
696,999,-99.63733175670356,1
697,999,-99.37192783137299,1
698,999,-99.37145575444309,1
699,999,-99.73264843785299,1
700,999,-99.7192764215623,1
701,999,-99.89566270282818,1
702,999,-99.79816703764233,1
703,999,-99.76112301465915,1
704,999,-99.7809818394701,1
705,999,-99.89897571988847,1
706,999,-99.58253127178621,1
707,999,-99.61012684324385,1
708,999,-99.72538580085245,1
709,999,-99.6622876201859,1
710,999,-99.61646437489405,1
711,999,-99.86767607951047,1
712,999,-99.51612900694461,1
713,999,-99.41460951887282,1
714,999,-99.6566408580388,1
715,999,-99.77957871924598,1
716,999,-99.63163551624027,1
717,999,-99.8197705719606,1
718,999,-99.63339570930556,1
719,999,-99.57793792092568,1
720,999,-99.40552989694851,1
721,999,-99.64607621169277,1
722,999,-99.82549682892719,1
723,999,-99.76244063580386,1
724,999,-99.63013386318788,1
725,999,-99.797723874687,1
726,999,-99.40496204640229,1
727,999,-99.84236418390506,1
728,999,-99.75073388070312,1
729,999,-99.71159112958564,1
730,999,-99.38596279707134,1
731,999,-99.64262659421517,1
732,999,-99.81244976441819,1
733,999,-99.6892210196981,1
734,999,-99.8264195937242,1
735,999,-99.70380412610109,1
736,999,-99.51151247551759,1
737,999,-99.41189108505357,1
738,999,-99.6454908487897,1
739,999,-99.73964711862943,1
740,999,-99.89907897380623,1
741,999,-99.51811468760579,1
742,999,-99.62932067740918,1
743,999,-99.47538769158281,1
744,999,-99.65794758517738,1
745,999,-99.7032493924941,1
746,999,-99.68510889842153,1
747,999,-99.71011555823941,1
748,999,-99.37332246909948,1
749,999,-99.79306126595917,1
750,999,-99.59128385505618,1
751,999,-99.70951756302246,1
752,999,-99.76789929610537,1
753,999,-99.81435193466466,1
754,999,-99.69063941397333,1
755,999,-99.57901128239325,1
756,999,-99.86297677904228,1
757,999,-99.52599444275118,1
758,999,-99.68364227083373,1
759,999,-99.85421678722348,1
760,999,-99.8999999999986,1
761,999,-99.72844987897996,1
762,999,-99.62689426878795,1
763,999,-99.45886436883457,1
764,999,-99.8036228605532,1
765,999,-99.63588474913129,1
766,999,-99.77100411592843,1
767,999,-99.6220443224637,1
768,999,-99.71626212809211,1
769,999,-99.81993169594067,1
770,999,-99.71243683484361,1
771,999,-99.74385654621152,1
772,999,-99.65882020817232,1
773,999,-99.56601965328308,1
774,999,-99.78558981225221,1
775,999,-99.77708841357823,1
776,999,-99.61409775577931,1
777,999,-99.66025432753237,1
778,999,-99.74601393167256,1
779,999,-99.61530042210222,1
780,999,-99.79274498307939,1
781,999,-99.82031019481225,1
782,999,-99.87596818359894,1
783,999,-99.8088710452707,1
784,999,-99.55240487272829,1
785,999,-99.75746336855087,1
786,999,-99.80801910465094,1
787,999,-99.76568865618181,1
788,999,-99.67336703886255,1
789,999,-99.8999999999986,1
790,999,-99.88078618254954,1
791,999,-99.5412096929781,1
792,999,-99.62882452514465,1
793,999,-99.80759010805492,1
794,999,-99.64048658244289,1
795,999,-99.6032709656153,1
796,999,-99.51911522066082,1
797,999,-99.71353766206747,1
798,999,-99.80560711701843,1
799,999,-99.84454351202446,1
800,999,-99.71069579739567,1
801,999,-99.8101459590937,1
802,999,-99.69681772937626,1
803,999,-99.66658525598329,1
804,999,-99.69369056302683,1
805,999,-99.6654893385058,1
806,999,-99.80608026981214,1
807,999,-99.77221269814623,1
808,999,-99.77142033672287,1
809,999,-99.7094501637898,1
810,999,-99.80255865251972,1
811,999,-99.80587065333826,1
812,999,-99.5596679236144,1
813,999,-99.64315991342163,1
814,999,-99.80300496558053,1
815,999,-99.63267830724806,1
816,999,-99.83904247540492,1
817,999,-99.8999999999986,1
818,999,-99.76835819248086,1
819,999,-99.85374704757565,1
820,999,-99.77708301698881,1
821,999,-99.80797078260663,1
822,999,-99.8999999999986,1
823,999,-99.7798410416858,1
824,999,-99.61581872206159,1
825,999,-99.831776382796,1
826,999,-99.81136756539205,1
827,999,-99.52998633453251,1
828,999,-99.7449816028108,1
829,999,-99.66864894791951,1
830,999,-99.80059236623207,1
831,999,-99.74815708814283,1
832,999,-99.70297000878351,1
833,999,-99.80023117291135,1
834,999,-99.76846515229416,1
835,999,-99.66693102369179,1
836,999,-99.86907152994978,1
837,999,-99.79902551178681,1
838,999,-99.80016492750006,1
839,999,-99.86050930112111,1
840,999,-99.8999999999986,1
841,999,-99.81632524468446,1
842,999,-99.76600592504698,1
843,999,-99.73810750539276,1
844,999,-99.82841754108527,1
845,999,-99.62679391826829,1
846,999,-99.61818676991831,1
847,999,-99.61084358743254,1
848,999,-99.81553720925446,1
849,999,-99.70797439509047,1
850,999,-99.81861885101976,1
851,999,-99.73818735958054,1
852,999,-99.8999999999986,1
853,999,-99.88579469772381,1
854,999,-99.88869353681663,1
855,999,-99.50274120079567,1
856,999,-99.56453750993103,1
857,999,-99.80243616385711,1
858,999,-99.512229095561,1
859,999,-99.66552843240068,1
860,999,-99.8999999999986,1
861,999,-99.82899657754321,1
862,999,-99.77299131898187,1
863,999,-99.88010189910861,1
864,999,-99.82930612498754,1
865,999,-99.8762770457412,1
866,999,-99.80029607573384,1
867,999,-99.78042515080749,1
868,999,-99.82776490422408,1
869,999,-99.8025284765507,1
870,999,-99.80282750464836,1
871,999,-99.76221753901197,1
872,999,-99.69068852577335,1
873,999,-99.78603128213878,1
874,999,-99.81426002718369,1
875,999,-99.8999999999986,1
876,999,-99.8999999999986,1
877,999,-99.8999999999986,1
878,999,-99.80047274017566,1
879,999,-99.73036086373475,1
880,999,-99.72544306605565,1
881,999,-99.83139391541341,1
882,999,-99.8999999999986,1
883,999,-99.7263514785606,1
884,999,-99.8999999999986,1
885,999,-99.75398010187642,1
886,999,-99.80605294653074,1
887,999,-99.8999999999986,1
888,999,-99.84487748744291,1
889,999,-99.8999999999986,1
890,999,-99.70303463924654,1
891,999,-99.85825190713955,1
892,999,-99.86582483744574,1
893,999,-99.72049772879552,1
894,999,-99.60389359691042,1
895,999,-99.46403928605586,1
896,999,-99.72266586388439,1
897,999,-99.7434874429179,1
898,999,-99.8999999999986,1
899,999,-99.8999999999986,1
900,999,-99.86953645148756,1
901,999,-99.8128126987766,1
902,999,-99.44556385847254,1
903,999,-99.80404824027652,1
904,999,-99.83100781566905,1
905,999,-99.8999999999986,1
906,999,-99.7453455118041,1
907,999,-99.80824623633968,1
908,999,-99.6794790638655,1
909,999,-99.8999999999986,1
910,999,-99.8554540382917,1
911,999,-99.72380979733869,1
912,999,-99.71426267401408,1
913,999,-99.71576727800863,1
914,999,-99.42780469138388,1
915,999,-99.72305217005639,1
916,999,-99.63933329409781,1
917,999,-99.66972843413684,1
918,999,-99.70119246195397,1
919,999,-99.7733691475806,1
920,999,-99.82093031784031,1
921,999,-99.80514066500915,1
922,999,-99.85555788690552,1
923,999,-99.70487723334669,1
924,999,-99.6780459236398,1
925,999,-99.7423950491983,1
926,999,-99.8999999999986,1
927,999,-99.80563207568927,1
928,999,-99.8999999999986,1
929,999,-99.80686765299622,1
930,999,-99.66272435235302,1
931,999,-99.8999999999986,1
932,999,-99.8022178888307,1
933,999,-99.71832930865209,1
934,999,-99.85534727908531,1
935,999,-99.84937090799654,1
936,999,-99.8999999999986,1
937,999,-99.72707245385253,1
938,999,-99.60192087855982,1
939,999,-99.8999999999986,1
940,999,-99.58042729569577,1
941,999,-99.8999999999986,1
942,999,-99.73359180525738,1
943,999,-99.85526784437103,1
944,999,-99.74752394664546,1
945,999,-99.86515802352083,1
946,999,-99.74407555917138,1
947,999,-99.80009957291047,1
948,999,-99.8999999999986,1
949,999,-99.73993254573877,1
950,999,-99.80204679965833,1
951,999,-99.80507376724714,1
952,999,-99.83487802147725,1
953,999,-99.71983326722845,1
954,999,-99.87693517901796,1
955,999,-99.77572107424936,1
956,999,-99.8999999999986,1
957,999,-99.82278104424337,1
958,999,-99.8999999999986,1
959,999,-99.78975103011332,1
960,999,-99.8999999999986,1
961,999,-99.61190089772433,1
962,999,-99.84854667713377,1
963,999,-99.80435597458715,1
964,999,-99.8999999999986,1
965,999,-99.8999999999986,1
966,999,-99.8999999999986,1
967,999,-99.8999999999986,1
968,999,-99.80748181426758,1
969,999,-99.8999999999986,1
970,999,-99.8999999999986,1
971,999,-99.80000759123219,1
972,999,-99.82416780972713,1
973,999,-99.73018845757912,1
974,999,-99.75952573753753,1
975,999,-99.53823035462854,1
976,999,-99.5301726795079,1
977,999,-99.8161635015146,1
978,999,-99.75344968575378,1
979,999,-99.83653001272911,1
980,999,-99.73132765181224,1
981,999,-99.76292581278692,1
982,999,-99.80028034904832,1
983,999,-99.80042531350487,1
984,999,-99.83573936505569,1
985,999,-99.67422798511551,1
986,999,-99.8999999999986,1
987,999,-99.8999999999986,1
988,999,-99.72401422331902,1
989,999,-99.81544652154996,1
990,999,-99.86045242829574,1
991,999,-99.57979608059256,1
992,999,-99.72320721890289,1
993,999,-99.77715464683575,1
994,999,-99.8999999999986,1
995,999,-99.67668928278006,1
996,999,-99.8999999999986,1
997,999,-99.8999999999986,1
998,999,-99.85527574366284,1
999,999,-99.7480478879807,1
